Geography,Funding Source,Program,Agency,Description,Detail Description,Policy Subtopic,Allocation (millions),Current As Of,Expiration,is_expired,amount_exact,source_url,source_name
Chicago,ARPA State and Local Fiscal Recovery Funds,Access and awareness for public support services,Chicago Department of Public Health; Department of Family and Support Services,Community-based navigation resources for public services,"Provides community-based navigation resources to ensure residents are aware of and have access to public services, including the creation of a 211 system",Direct Household Assistance,15,2021-09-20,2024-12-31,0,1,https://www.chicago.gov/content/dam/city/depts/obm/supp_info/2022Budget/ChicagoRecoveryPlan.pdf,City of Chicago ARPA Recovery Plan
Chicago,ARPA State and Local Fiscal Recovery Funds,Aid for Chicago's vulnerable students,Chicago Office of Budget and Management,Grants for students and households to cover school supplies,"Provides flexible grants for Chicago students/households to cover school supplies, food, and other essentials that are required for student support",Direct Household Assistance,21,2021-09-20,2024-12-31,0,1,https://www.chicago.gov/content/dam/city/depts/obm/supp_info/2022Budget/ChicagoRecoveryPlan.pdf,City of Chicago ARPA Recovery Plan
Chicago,ARPA State and Local Fiscal Recovery Funds,Artist relief and works fund,Chicago Department of Cultural Affairs and Special Events,Targeted relief for individual artists and cultural organizations not eligible for other federal relief programs,Targeted relief for individual artists and cultural organizations not eligible for other federal relief programs,Direct Household Assistance,10,2021-09-20,2024-12-31,0,1,https://www.chicago.gov/content/dam/city/depts/obm/supp_info/2022Budget/ChicagoRecoveryPlan.pdf,City of Chicago ARPA Recovery Plan
Chicago,ARPA State and Local Fiscal Recovery Funds,Targeted financial and legal assistance for underserved residents,Chicago Department of Family and Support Services; Department of Business Affairs and Consumer Protection,"Financial assistance programs for underserved communities, including monthly cash assistance","Creates immediate financial assistance programs for underserved communities such as undocumented residents, domestic workers, and small community-based nonprofits providing safety net services; pilot a monthly cash assistance program for hard-hit, low-income households in need of additional economic stability; expand legal assistance programs through the Legal Protection Fund and Community Justice Initiative",Direct Household Assistance,71,2021-09-20,2024-12-31,0,1,https://www.chicago.gov/content/dam/city/depts/obm/supp_info/2022Budget/ChicagoRecoveryPlan.pdf,City of Chicago ARPA Recovery Plan
Cook County,ARPA State and Local Fiscal Recovery Funds,Transforming Places,Cook County Bureau of Economic Development; Cook County Equity Fund Taskforce,Economic and community development planning,"Cook County will identify high vulnerability communities and co-design a process to meet community-defined needs for economic development, community building, community safety, public health, education or social services. The County will support communities over a sustained period to ensure implementation and capacity-building, as well as helping attract additional public, private, and philanthropic resources.",Direct Household Assistance,3.59,2022-02-10,2024-12-31,0,0,https://www.cookcountyil.gov/sites/g/files/ywwepo161/files/documents/2022-02/ARPA%20At%20A%20Glance%20-%202-10-22.pdf,Cook County ARPA Recovery Plan
Cook County,ARPA State and Local Fiscal Recovery Funds,Veteran Grant Program,Cook County Department of Veterans Affairs,Establishing a fund to provide grants for community-based veteran service organizations and veteran-owned businesses,The Department of Veterans Affairs will establish a fund to provide grants to community-based veteran service organizations and veteran-owned businesses. The Veteran Grant Program will begin with a seed of $5 million for grants in the following areas: Program Enhancement; Capital Improvements; and Small Business Development.,Direct Household Assistance,3.59,2022-02-10,2024-12-31,0,0,https://www.cookcountyil.gov/sites/g/files/ywwepo161/files/documents/2022-02/ARPA%20At%20A%20Glance%20-%202-10-22.pdf,Cook County ARPA Recovery Plan
Cook County,ARPA State and Local Fiscal Recovery Funds,Guaranteed Income Program,Agency lead not specified,Recurring monthly unrestricted payments to a to-be-defined set of residents for at least 12 months to improve participants’ long-term economic stability,The Cook County Guaranteed Income Program will provide recurring monthly unrestricted payments to a to-be-defined set of residents for at least 12 months to improve participants’ long-term economic stability. The Guaranteed Income Program builds on the demonstrated success of guaranteed income programs in other jurisdictions in increasing residents’ financial stability and improving their health outcomes. Cook County’s program will include a research evaluation component to help the County better understand participant impacts.,Direct Household Assistance,3.59,2022-02-10,2024-12-31,0,0,https://www.cookcountyil.gov/sites/g/files/ywwepo161/files/documents/2022-02/ARPA%20At%20A%20Glance%20-%202-10-22.pdf,Cook County ARPA Recovery Plan
Cook County,ARPA State and Local Fiscal Recovery Funds,Cook County Residential Water Conservation and Energy Efficiency Program,Agency lead not specified,Utility bill cost reduction program,"The program will increase housing affordability for residents by reducing utility costs. Specifically, the project identifies residents for home energy and water assessments and implement energy efficiency improvements and water conservation measures (such as window replacement, roof repairs, insulation, air sealing, HVAC improvements, LED lighting, energyefficient windows and doors, installing low-flow water appliances and repairing leaks).",Direct Household Assistance,3.59,2022-02-10,2024-12-31,0,0,https://www.cookcountyil.gov/sites/g/files/ywwepo161/files/documents/2022-02/ARPA%20At%20A%20Glance%20-%202-10-22.pdf,Cook County ARPA Recovery Plan
Cook County,ARPA State and Local Fiscal Recovery Funds,Cook County Water Affordability Program,Agency lead not specified,Water utility bill payment assistance,"The Cook County Water Affordability Program will provide water utility bill payment assistance to help households suffering from income loss and mounting bills during the pandemic. The program will reduce uncollectable debt for municipal water utilities. The anticipated focus of the program is on communities with a high-water burden, meaning that the household spends a significantly larger portion of their income on the water and sewer bill.",Direct Household Assistance,3.59,2022-02-10,2024-12-31,0,0,https://www.cookcountyil.gov/sites/g/files/ywwepo161/files/documents/2022-02/ARPA%20At%20A%20Glance%20-%202-10-22.pdf,Cook County ARPA Recovery Plan
Cook County,ARPA State and Local Fiscal Recovery Funds,Community Information Exchange,Agency lead not specified,Development of a Community Information Exchange (CIE) to enhance in-development 211 system,"Cook County Legal Aid for Housing and Debt (CCLAHD) helps residents resolve eviction, foreclosure, consumer debt, and tax deed issues pre-court and during the court process. CCLAHD provides free legal aid, mediation services, case management, and connections for tenants and landlords dealing with evictions, property owners who are behind on their mortgage payments or property taxes, and creditors and debtors with issues related to consumer debt.",Direct Household Assistance,3.59,2022-02-10,2024-12-31,0,0,https://www.cookcountyil.gov/sites/g/files/ywwepo161/files/documents/2022-02/ARPA%20At%20A%20Glance%20-%202-10-22.pdf,Cook County ARPA Recovery Plan
Cook County,ARPA State and Local Fiscal Recovery Funds,Cook County Legal Aid for Housing and Debt,Agency lead not specified,"Legal aid and case management services for residents facing eviction, foreclosure, consumer debt, and tax deed issues","The program will increase housing affordability for residents by reducing utility costs. Specifically, the project identifies residents for home energy and water assessments and implement energy efficiency improvements and water conservation measures (such as window replacement, roof repairs, insulation, air sealing, HVAC improvements, LED lighting, energyefficient windows and doors, installing low-flow water appliances and repairing leaks). This program will also serve as a jobs program by employing local residents.",Direct Household Assistance,3.59,2022-02-10,2024-12-31,0,0,https://www.cookcountyil.gov/sites/g/files/ywwepo161/files/documents/2022-02/ARPA%20At%20A%20Glance%20-%202-10-22.pdf,Cook County ARPA Recovery Plan
Cook County,ARPA State and Local Fiscal Recovery Funds,Abolish Medical Debt,Agency lead not specified,Purchasing and retiring medical debt of income-eligible patients in Cook County hospitals,"Cook County will support the development of a Community Information Exchange (CIE) for suburban Cook County and the City of Chicago to enhance the 211 system already being collaboratively developed by Cook County, the City of Chicago and a range of partners. A CIE is an interconnected and linked network of health, behavioral health, human, and social service providers that share information and coordinate services so that an individual receives the whole person care they need to be healthy and thrive, regardless of how they initially enter services, creating a “no wrong door” access to the social and health services system.",Direct Household Assistance,3.59,2022-02-10,2024-12-31,0,0,https://www.cookcountyil.gov/sites/g/files/ywwepo161/files/documents/2022-02/ARPA%20At%20A%20Glance%20-%202-10-22.pdf,Cook County ARPA Recovery Plan
Illinois,ARPA State and Local Fiscal Recovery Funds,Low Income Home Energy Assistance Program,Illinois Department of Commerce and Economic Opportunity,Provides home energy bill assistance,"The Low-Income Home Energy Assistance Program (LIHEAP) provides assistance in managing costs associated with home energy bills, energy crises, weatherization and energy-related minor home repairs",Direct Household Assistance,252.79,2021-06-21,2024-12-31,0,1,https://www2.illinois.gov/sites/budget/Documents/Budget Book/FY2022-Budget-Book/FY22_Enacted_ARPA_Summary_6.21.21.pdf,Illinois ARPA Fiscal Year 2022 Appropriations
Illinois,ARPA State and Local Fiscal Recovery Funds,Low Income Household Water Assistance Program,Illinois Department of Commerce and Economic Opportunity,Assists low-income households with affordable drinking water and wastewater services,"The Low Income Household Water Assistance Program will assist low-income households, particularly those with the lowest incomes and that pay a high proportion of household income for drinking water and wastewater services, by providing funds to owners or operators of public water systems or treatment works to reduce arrearages of and rates charged to low-income households for water and wastewater services.",Direct Household Assistance,55,2022-06-15,2024-12-31,0,1,https://www2.illinois.gov/sites/budget/Documents/LBOC/LBOC-Report-May-2022%20.pdf,State of Illinois Executive Office of the Governor Governor's Office of Management and Budget
Illinois,ARPA State and Local Fiscal Recovery Funds,Unemployment Insurance Extension Implementation Grants,Illinois Department of Employment Security,Implementation of extended unemployment insurance,These funds support implementation of extended unemployment insurance,Direct Household Assistance,0.28,2021-06-21,2024-12-31,0,1,https://www2.illinois.gov/sites/budget/Documents/Budget Book/FY2022-Budget-Book/FY22_Enacted_ARPA_Summary_6.21.21.pdf,Illinois ARPA Fiscal Year 2022 Appropriations
Illinois,CARES,Child Care and Development Block Grant,U.S. Department of Health and Human Services,Child assistance for low-income families,"These funds supplement general revenue funds for child care assistance for low-income families. The supplemental funding must be used for activities authorized under the CCDBG Act that prevent, prepare for, and respond to the Covid-19 pandemic.",Direct Household Assistance,118.42,2020-04-15,2023-09-30,0,1,https://www.acf.hhs.gov/occ/data/2020-cares-act-ccdbg-supplemental-funding-allocations-states-and-territories,U.S. Department of Health and Human Services 2020 CARES Act CCDBG Supplemental Allocations
Illinois,CARES,Low Income Home Energy Assistance Program,U.S. Department of Health and Human Services,Provides home energy bill assistance,"The Low Income Home Energy Assistance Program (LIHEAP) provides assistance in managing costs associated with home energy bills, energy crises, weatherization and energy-related minor home repairs",Direct Household Assistance,42,2022-06-15,2021-09-30,1,1,https://www2.illinois.gov/sites/budget/Documents/LBOC/LBOC-Report-May-2022%20.pdf,State of Illinois Executive Office of the Governor Governor's Office of Management and Budget
