Geography,Funding Source,Program,Agency,Description,Detail Description,Policy Subtopic,Allocation (millions),Current As Of,Expiration,is_expired,amount_exact,source_url,source_name
Chicago,ARPA,Emergency Rental Assistance (ERA2),U.S. Department of the Treasury,Rental and utility assistance,"These funds can be used for rental and utility assistance to states, territories, counties, and cities to help stabilize renters during the pandemic and help rental property owners continue to cover their costs.",Emergency Rental Assistance,63.19,2021-05-07,2025-09-30,0,1,https://home.treasury.gov/policy-issues/coronavirus/assistance-for-state-local-and-tribal-governments/emergency-rental-assistance-program/allocations-and-payments,U.S. Department of the Treasury
Chicago,ARPA,Expanding the Public Health Workforce,Centers for Disease Control and Prevention,"Funds for establishing, expanding, and sustaining public health workforces","These funds can be used to carry out activities related to establishing, expanding, and sustaining a public health workforce employed by state or local public health departments or non-profit, private, or public organizations with demonstrated expertise in implementing public health programs. Public health departments employ contact tracers, nurses, epidemiologists, community health workers.",Workforce Recovery,20.52,2021-05-28,2025-12-31,0,1,https://www.cdc.gov/std/funding/pchd/CDC-DIS-Workforce-Development-Funding.pdf,CDC Disease Intervention Specialists Workforce Development Funding
Chicago,ARPA,Federal Transit Administration (FTA) Grants,U.S. Department of Transportation,Funds for public transit agencies to avoid layoffs and service reductions,"These funds help public transit agencies avoid layoffs and service reductions. These new resources, when combined with previous allocations through 2020, equal 132% of an urbanized area's 2018 public transit operating costs. In addition, this is available at a 100 percent federal share for operating expenses related to the response to Covid-19 (except for Capital Investment Grant funds).",Transportation,1527.47,2021-03-29,2024-09-30,0,1,https://www.transit.dot.gov/funding/apportionments/table-1-american-rescue-plan-act-2021-appropriations-and-apportionments,U.S. Department of Transportation ARPA 2021 Allocations and Apportionments
Chicago,ARPA,Homelessness Assistance & Supportive Services (aka HOME-ARP program),U.S. Department of Housing and Urban Development,"Supportive services, affordable housing, and homeless shelters","These funds can be used to finance supportive services and construct new affordable housing, and for the acquisition of non-congregate shelter spaces for people experiencing homelessness",Homelessness Support,71.17,2021-04-08,2025-09-30,0,1,https://www.hud.gov/sites/dfiles/CPD/documents/HOME-ARP.pdf,U.S. Department of Housing and Urban Development
Cook County,ARPA,Emergency Rental Assistance (ERA2),U.S. Department of the Treasury,Rental and utility assistance,"These funds can be used for rental and utility assistance to states, territories, counties, and cities to help stabilize renters during the pandemic and help rental property owners continue to cover their costs",Emergency Rental Assistance,57.61,2021-05-07,2025-09-30,0,1,https://home.treasury.gov/policy-issues/coronavirus/assistance-for-state-local-and-tribal-governments/emergency-rental-assistance-program/allocations-and-payments,U.S. Department of the Treasury
Cook County,ARPA,Homelessness Assistance & Supportive Services (aka HOME-ARP program),U.S. Department of Housing and Urban Development,"Supportive services, affordable housing, and homeless shelters","Funds to finance supportive services and construct new affordable housing, and for the acquisition of non-congregate shelter spaces for people experiencing homelessness",Homelessness Support,23.84,2021-04-08,2025-09-30,0,1,https://www.hud.gov/sites/dfiles/CPD/documents/HOME-ARP.pdf,U.S. Department of Housing and Urban Development
Illinois,ARPA,Capital Projects Fund,U.S. Department of the Treasury,"Capital projects related to work, education, and health monitoring","Funds for capital projects directly enabling work, education, and health monitoring, including remote options, in response to the Covid-19 pandemic",Infrastructure,253.68,2021-08-01,2021-09-30,1,1,https://home.treasury.gov/system/files/136/Allocations-States.pdf,U.S. Department of the Treasury
Illinois,ARPA,Emergency Rental Assistance (ERA2),U.S. Department of the Treasury,Rental and utility assistance,"These funds can be used for rental and utility assistance to states, territories, counties, and cities to help stabilize renters during the pandemic and help rental property owners continue to cover their costs",Emergency Rental Assistance,477,2022-06-15,2025-09-30,0,1,https://www2.illinois.gov/sites/budget/Documents/LBOC/LBOC-Report-May-2022%20.pdf,State of Illinois Executive Office of the Governor Governor's Office of Management and Budget
Illinois,ARPA,Expanding the Public Health Workforce,Centers for Disease Control and Prevention,"Funds for establishing, expanding, and sustaining public health workforces","These funds can be used to carry out activities related to establishing, expanding, and sustaining a public health workforce employed by state or local public health departments or non-profit, private, or public organizations with demonstrated expertise in implementing public health programs. Public health departments employ contact tracers, nurses, epidemiologists, community health workers",Workforce Recovery,26.05,2021-05-28,2025-12-31,0,1,https://www.cdc.gov/std/funding/pchd/CDC-DIS-Workforce-Development-Funding.pdf,CDC Disease Intervention Specialists Workforce Development Funding
Illinois,ARPA,Federal Transit Administration (FTA) Grants,U.S. Department of Transportation,Funds for public transit agencies to avoid layoffs and service reductions,These funds help public transit agencies avoid layoffs and service reductions.,Transportation,17,2022-06-15,2024-09-30,0,1,https://www2.illinois.gov/sites/budget/Documents/LBOC/LBOC-Report-May-2022%20.pdf,State of Illinois Executive Office of the Governor Governor's Office of Management and Budget
Illinois,ARPA,Grants in Aid for Airports,Federal Aviation Administration,Funds for airports for broad Covid-19 recovery,"These funds provide economic relief to eligible U.S. airports affected by the prevention of, preparation for, and response to the Covid-19 pandemic.",Transportation,14,2021-06-16,2024-12-31,0,1,https://www2.illinois.gov/sites/budget/Documents/LBOC/LBOC-Report-May-2022%20.pdf,State of Illinois Executive Office of the Governor Governor's Office of Management and Budget
Illinois,ARPA,Homelessness Assistance & Supportive Services (aka HOME-ARP program),U.S. Department of Housing and Urban Development,"Supportive services, affordable housing, and homeless shelters","Funds to finance supportive services and construct new affordable housing, and for the acquisition of non-congregate shelter spaces for people experiencing homelessness",Homelessness Support,62.08,2021-04-08,2025-09-30,0,1,https://www.hud.gov/sites/dfiles/CPD/documents/HOME-ARP.pdf,U.S. Department of Housing and Urban Development
Illinois,ARPA,Homeowner Assistance Fund,U.S. Department of the Treasury,Funds to assist homeowners with delinquent mortgage payments,"This program provides relief for vulnerable homeowners. The law prioritizes homeowners who have experienced the greatest hardships, leveraging local and national income indicators to maximize intended impact. Funds can be used to make delinquent mortgage payments. States must request funds and will receive funds based on their unemployment rate, number of mortgages in foreclosure, and number of mortgages that are past due.",Homeowner Assistance,386.9,2021-04-14,2025-09-30,0,1,https://home.treasury.gov/system/files/136/HAF-state-territory-data-and-allocations.pdf,U.S. Department of Treasury Homeowner Assistance Fund Allocations
Illinois,ARPA,State Small Business Credit Initiative,Illinois Department of Commerce and Economic Opportunity,Programs supporting businesses owned by socially and economically disadvantaged entrepreneurs,"This program includes: $1.5 billion for states to support businesses owned by socially and economically disadvantaged entrepreneurs; $1 billion for an incentive program to boost funding tranches for states that show robust support for these businesses; and $500 million to support very small businesses with fewer than 10 employees. This law will inject capital into state small business support and capital access programs, provide collateral support, facilitate loan participation, and enable credit guarantee programs.",Small Business,281.89,2021-06-21,2024-12-31,0,1,https://www2.illinois.gov/sites/budget/Documents/Budget Book/FY2022-Budget-Book/FY22_Enacted_ARPA_Summary_6.21.21.pdf,Illinois ARPA Fiscal Year 2022 Appropriations
Chicago,ARPA State and Local Fiscal Recovery Funds,911 Alternative Response,Chicago Department of Public Health,Piloting new approaches to 911 call diversion,"Improves the City's response to 911 calls by piloting new approaches to 911 call diversion, alternate response models, and establishing alternate destinations for patient transport",Resources,15,2021-09-20,2024-12-31,0,1,https://www.chicago.gov/content/dam/city/depts/obm/supp_info/2022Budget/ChicagoRecoveryPlan.pdf,City of Chicago ARPA Recovery Plan
Chicago,ARPA State and Local Fiscal Recovery Funds,Access and awareness for public support services,Chicago Department of Public Health; Department of Family and Support Services,Community-based navigation resources for public services,"Provides community-based navigation resources to ensure residents are aware of and have access to public services, including the creation of a 211 system",Direct Household Assistance,15,2021-09-20,2024-12-31,0,1,https://www.chicago.gov/content/dam/city/depts/obm/supp_info/2022Budget/ChicagoRecoveryPlan.pdf,City of Chicago ARPA Recovery Plan
Chicago,ARPA State and Local Fiscal Recovery Funds,Aid for Chicago's vulnerable students,Chicago Office of Budget and Management,Grants for students and households to cover school supplies,"Provides flexible grants for Chicago students/households to cover school supplies, food, and other essentials that are required for student support",Direct Household Assistance,21,2021-09-20,2024-12-31,0,1,https://www.chicago.gov/content/dam/city/depts/obm/supp_info/2022Budget/ChicagoRecoveryPlan.pdf,City of Chicago ARPA Recovery Plan
Chicago,ARPA State and Local Fiscal Recovery Funds,Artist relief and works fund,Chicago Department of Cultural Affairs and Special Events,Targeted relief for individual artists and cultural organizations not eligible for other federal relief programs,Targeted relief for individual artists and cultural organizations not eligible for other federal relief programs,Direct Household Assistance,10,2021-09-20,2024-12-31,0,1,https://www.chicago.gov/content/dam/city/depts/obm/supp_info/2022Budget/ChicagoRecoveryPlan.pdf,City of Chicago ARPA Recovery Plan
Chicago,ARPA State and Local Fiscal Recovery Funds,Broadband,Office of Budget and Management,Neighborhood-scale broadband investments,Expands Chicago Connected by funding neighborhood-scale broadband and leverage City assets to increase broadband affordability in communities,Infrastructure,10,2021-09-20,2024-12-31,0,1,https://www.chicago.gov/content/dam/city/depts/obm/supp_info/2022Budget/ChicagoRecoveryPlan.pdf,City of Chicago ARPA Recovery Plan
Chicago,ARPA State and Local Fiscal Recovery Funds,Commercial corridors and responsive neighborhood activation investments,Department of Planning and Development; Department of Business Affairs and Consumer Protection,Grants and business support services to revitalize commercial corridors,Grants and business support services to revitalize commercial corridors and support new small business owners and local artists involved in beautification projects; also includes community programs to drive local participation in the planning process and workforce participation in community-driven development projects,Small Business,51,2021-09-20,2024-12-31,0,1,https://www.chicago.gov/content/dam/city/depts/obm/supp_info/2022Budget/ChicagoRecoveryPlan.pdf,City of Chicago ARPA Recovery Plan
Chicago,ARPA State and Local Fiscal Recovery Funds,Community wealth building pilot,Department of Planning and Development,Economic development program promoting local ownership of community assets,"Creates a new economic development program to promote local, democratic, and shared ownership and control of community assets; pilot investments in shared-equity models (e.g. worker cooperatives, housing cooperatives, community land trusts), giving historiclaly disinvested communities more accessible and sustainable pathways to building wealth",Wealth-Building,15,2021-09-20,2024-12-31,0,1,https://www.chicago.gov/content/dam/city/depts/obm/supp_info/2022Budget/ChicagoRecoveryPlan.pdf,City of Chicago ARPA Recovery Plan
Chicago,ARPA State and Local Fiscal Recovery Funds,Emergency Rental Housing Assistance,Chicago Department of Housing,Assistance for households that are unable to pay rent or utilities,Provides funding to assist households that are unable to pay rent or utilities,Emergency Rental Assistance,102.2,2021-09-20,2024-12-31,0,1,https://www.chicago.gov/content/dam/city/depts/obm/supp_info/2022Budget/ChicagoRecoveryPlan.pdf,City of Chicago ARPA Recovery Plan
Chicago,ARPA State and Local Fiscal Recovery Funds,Environmental justice/hazard reduction program,Chicago Department of Public Health,Pollution and industrial health assessments,Invest in impact assessment capabilities for pollution and residential and industrial hazards in communities that drive inequitable health outcomes for residents,Infrastructure,9,2021-09-20,2024-12-31,0,1,https://www.chicago.gov/content/dam/city/depts/obm/supp_info/2022Budget/ChicagoRecoveryPlan.pdf,City of Chicago ARPA Recovery Plan
Chicago,ARPA State and Local Fiscal Recovery Funds,Equitable Transit Oriented Development (ETOD) program,Department of Planning and Development,Community-driven development near transit,"Advance local housing, public health, climate resiliency and economic recovery goals by supporting community-driven development near transit to foster healthy, walkable, affordable, and accessible communities",Transportation,10,2021-09-20,2024-12-31,0,1,https://www.chicago.gov/content/dam/city/depts/obm/supp_info/2022Budget/ChicagoRecoveryPlan.pdf,City of Chicago ARPA Recovery Plan
Chicago,ARPA,Federal Aviation Administration Grants-in-Aid for Airports,Federal Aviation Administration,Airport capital expenditures and operating expenses,"Funds for airport capital expenditures, airport operating expenses including payroll and utilities, and airport debt payments",Transportation,360.02,2021-06-16,2024-09-30,0,1,https://www.faa.gov/airports/airport_rescue_grants/media/20210622_ARP_Allocations.pdf,Federal Aviation Administration Airport Rescue Grants Allocations
Chicago,ARPA State and Local Fiscal Recovery Funds,Gender-based violence reduction,Department of Family and Support Services,Emergency funds and legal assistance for survivors of gender-based violence,"Assists survivors of gender-based violence through emergency funds, legal assistance, prevention education, housing and other care coordination services",Safety Initiatives,20,2021-09-20,2024-12-31,0,1,https://www.chicago.gov/content/dam/city/depts/obm/supp_info/2022Budget/ChicagoRecoveryPlan.pdf,City of Chicago ARPA Recovery Plan
Chicago,ARPA State and Local Fiscal Recovery Funds,High utilizer diversion housing,Chicago Department of Public Health,Behavioral health services to support stable housing for high utilizers of emergency services,Provides behavioral health services to support stable housing for high utilizers of emergency services,Homelessness Support,12,2021-09-20,2024-12-31,0,1,https://www.chicago.gov/content/dam/city/depts/obm/supp_info/2022Budget/ChicagoRecoveryPlan.pdf,City of Chicago ARPA Recovery Plan
Chicago,ARPA State and Local Fiscal Recovery Funds,HOME Investment Partnership,Chicago Department of Family and Support Services,Assistance for individuals experiencing or at risk of homelessness,"Assists individuals or households who are homeless, at risk of homelessness, and other vulnerable populations by providing housing, rental assistance, supportive services, and non-congregate shelter to reduce homelessness and increase housing stability across the country",Wealth-Building,71.17,2021-09-20,2024-12-31,0,1,https://www.chicago.gov/content/dam/city/depts/obm/supp_info/2022Budget/ChicagoRecoveryPlan.pdf,City of Chicago ARPA Recovery Plan
Chicago,ARPA State and Local Fiscal Recovery Funds,Rapid rehousing program,Chicago Department of Family and Support Services,Rehousing and wraparound services for people at risk of homelessness and domestic violence,"Provides funds for people at risk of homelessness, including those at risk of domestic violence, to access rehousing services and wraparound services en route to permanent housing solutions",Homelessness Support,20,2021-09-20,2024-12-31,0,1,https://www.chicago.gov/content/dam/city/depts/obm/supp_info/2022Budget/ChicagoRecoveryPlan.pdf,City of Chicago ARPA Recovery Plan
Chicago,ARPA State and Local Fiscal Recovery Funds,Re-entry workforce program,Chicago Department of Family and Support Services,Expands workforce training opportunities for formerly incarcerated individuals,Expands workforce training opportunities for formerly incarcerated individuals to attain employment and other stabilization services,Re-Entry,10,2021-09-20,2024-12-31,0,1,https://www.chicago.gov/content/dam/city/depts/obm/supp_info/2022Budget/ChicagoRecoveryPlan.pdf,City of Chicago ARPA Recovery Plan
Chicago,ARPA State and Local Fiscal Recovery Funds,Resources for initiatives and violence reduction initiatives,Chicago Department of Public Health,Violence reduction and community safety programs,"Funds a comprehensive set of programs including operational support and staffing for the CSCC, communications and marketing for violence prevention and reduction, expansion of resources for violence intervention programming and support for community groups",Safety Initiatives,45,2021-09-20,2024-12-31,0,1,https://www.chicago.gov/content/dam/city/depts/obm/supp_info/2022Budget/ChicagoRecoveryPlan.pdf,City of Chicago ARPA Recovery Plan
Chicago,ARPA State and Local Fiscal Recovery Funds,Shuttered Venue Grant,Department of Cultural Affairs and Special Events,Emergency assistance funds for eligible venues affected by Covid-19,Emergency assistance funds for eligible venues affected by Covid-19,Small Business,1.21,2021-09-20,2024-12-31,0,1,https://www.chicago.gov/content/dam/city/depts/obm/supp_info/2022Budget/ChicagoRecoveryPlan.pdf,City of Chicago ARPA Recovery Plan
Chicago,ARPA State and Local Fiscal Recovery Funds,Sobering Center,Chicago Department of Public Health,Creates a new sobering center facility as an alternative to emergency rooms and jails for publicly intoxicated individuals,Creates a new facility to enhance public safety and health outcomes by providing an alternative to emergency rooms and jails for publicly intoxicated individuals to initiate recovery,Resources,5,2021-09-20,2024-12-31,0,1,https://www.chicago.gov/content/dam/city/depts/obm/supp_info/2022Budget/ChicagoRecoveryPlan.pdf,City of Chicago ARPA Recovery Plan
Chicago,ARPA State and Local Fiscal Recovery Funds,Street ambassador program,Chicago Department of Planning and Development; Department of Business Affiairs and Consumer Protection,Workforce opportunities in commercial development,"Creates workforce opportunities for engagement along corridors to ensure safety, cleanliness, and local participation in commercial development processes",Corridors,10,2021-09-20,2024-12-31,0,1,https://www.chicago.gov/content/dam/city/depts/obm/supp_info/2022Budget/ChicagoRecoveryPlan.pdf,City of Chicago ARPA Recovery Plan
Chicago,ARPA State and Local Fiscal Recovery Funds,Targeted financial and legal assistance for underserved residents,Chicago Department of Family and Support Services; Department of Business Affairs and Consumer Protection,"Financial assistance programs for underserved communities, including monthly cash assistance","Creates immediate financial assistance programs for underserved communities such as undocumented residents, domestic workers, and small community-based nonprofits providing safety net services; pilot a monthly cash assistance program for hard-hit, low-income households in need of additional economic stability; expand legal assistance programs through the Legal Protection Fund and Community Justice Initiative",Direct Household Assistance,71,2021-09-20,2024-12-31,0,1,https://www.chicago.gov/content/dam/city/depts/obm/supp_info/2022Budget/ChicagoRecoveryPlan.pdf,City of Chicago ARPA Recovery Plan
Chicago,ARPA State and Local Fiscal Recovery Funds,Vacant land reduction strategy,Department of Planning and Development,A wealth-building program transferring ownership of City-owned land to neighborhood residents,Reactivates vacant City-owned land and build community wealth by streamlining environmental reviews and transferring ownership to neighborhood residents for community benefit,Infrastructure,5,2021-09-20,2024-12-31,0,1,https://www.chicago.gov/content/dam/city/depts/obm/supp_info/2022Budget/ChicagoRecoveryPlan.pdf,City of Chicago ARPA Recovery Plan
Chicago,ARPA State and Local Fiscal Recovery Funds,Victim supporting fund,Chicago Department of Public Health,Services and supports for victims of violent crime,"Services and supports for victims of violent crime and their families, including mental health supports, crisis intervention, support with accessing crime victim compensation, housing, food, and more",Victim Supporting Fund,10,2021-09-20,2024-12-31,0,1,https://www.chicago.gov/content/dam/city/depts/obm/supp_info/2022Budget/ChicagoRecoveryPlan.pdf,City of Chicago ARPA Recovery Plan
Chicago,ARPA State and Local Fiscal Recovery Funds,Workforce development program,Chicago Department of Family and Support Services,Workforce development programming and wraparound services,"Provides workforce development programming, including apprenticeship, career services, and other wraparound support for those entering the workforce or new industries",Training,10,2021-09-20,2024-12-31,0,1,https://www.chicago.gov/content/dam/city/depts/obm/supp_info/2022Budget/ChicagoRecoveryPlan.pdf,City of Chicago ARPA Recovery Plan
Chicago,ARPA State and Local Fiscal Recovery Funds,Youth intervention programs,Department of Family and Support Services,"Interventions for young people involved in violent crime, both victims and perpetrators","Expands interventions for young people with violence involvement--both victims and perpetrators--that will include case management and services such as mental health, employment support, and other wraparound services",Youth,20,2021-09-20,2024-12-31,0,1,https://www.chicago.gov/content/dam/city/depts/obm/supp_info/2022Budget/ChicagoRecoveryPlan.pdf,City of Chicago ARPA Recovery Plan
Chicago,ARPA State and Local Fiscal Recovery Funds,Youth justice diversion program,Department of Family and Support Services,Implementation of a new youth diversion model,"Implementation of a new youth deflection and diversion model, including facility/space needs and social services",Youth,10,2021-09-20,2024-12-31,0,1,https://www.chicago.gov/content/dam/city/depts/obm/supp_info/2022Budget/ChicagoRecoveryPlan.pdf,City of Chicago ARPA Recovery Plan
Chicago,ARPA State and Local Fiscal Recovery Funds,Youth programs,Chicago Department of Family and Support Services,Creates and expands youth career programs,"Creates and expands a comprehensive portfolio of programs to connect Chicago youth with early career opportunities, as well as an expansion of the My CHI. My Future. Program to increase opportunities for out-of-school programming and education",Youth,65,2021-09-20,2024-12-31,0,1,https://www.chicago.gov/content/dam/city/depts/obm/supp_info/2022Budget/ChicagoRecoveryPlan.pdf,City of Chicago ARPA Recovery Plan
Cook County,ARPA State and Local Fiscal Recovery Funds,911 Alternative Model Study and Strategic Plan,Cook County Justice Advisory Council,Develop a strategic plan on 911 alternative response models,"The Justice Advisory Council will engage consultants to develop a report and strategic plan on 911 alternative response models for Cook County. This includes 1) a comprehensive analysis of Cook County's current 911 system, 2) best and emerging practices in putting in place alternative responses, and 3) recommendations and a strategic plan on how Cook County may move forward with a new model. The goal of this project is to develop a plan for a response system that both better responds with mental health and other emergency services that do not require a traditional law enforcement response, needs which have been exacerbated during the lengthy pandemic, and to prevent unnecessary involvement of individuals in the criminal justice system.",Resources,1.5,2022-02-10,2024-12-31,0,0,https://www.cookcountyil.gov/sites/g/files/ywwepo161/files/documents/2022-02/ARPA%20At%20A%20Glance%20-%202-10-22.pdf,Cook County ARPA Recovery Plan
Cook County,ARPA State and Local Fiscal Recovery Funds,Justice Reinvesment Plan,Cook County Justice Advisory Council,Develop a criminal justice report outlining strategies to minimize overspending,The Justice Advisory Council will engage consultants to review Cook County's criminal justice budgets and develop a report with 1) an overview of current spending; 2) an outline of duplicative efforts or overspending; 3) a strategy to make reductions in criminal justice spending and invest in community; and 4) best practices from jurisdictions that have successfully reinvested criminal justice dollars into public health and community resources.,Safety Initiatives,1.5,2022-02-10,2024-12-31,0,0,https://www.cookcountyil.gov/sites/g/files/ywwepo161/files/documents/2022-02/ARPA%20At%20A%20Glance%20-%202-10-22.pdf,Cook County ARPA Recovery Plan
Cook County,ARPA State and Local Fiscal Recovery Funds,Advancing equitable recovery in the Southland/building capacity in the Southland,Southland Development Authority,Small business growth programs,"The Southland Development Authority (SDA) drives comprehensive, transformative and inclusive economic growth in Cook County’s South Suburbs. Funding will allow the SDA to continue to support the small business growth programs to advance key sectors.",Small Business,12.35,2022-02-10,2024-12-31,0,0,https://www.cookcountyil.gov/sites/g/files/ywwepo161/files/documents/2022-02/ARPA%20At%20A%20Glance%20-%202-10-22.pdf,Cook County ARPA Recovery Plan
Cook County,ARPA State and Local Fiscal Recovery Funds,Chicago Southland Fiber Network Expansion,Agency lead not specified,Extension of broadband infrastructure into south suburban communities,"The Chicago Southland Fiber Network provides gigabit broadband to government, education, healthcare, and businesses. Cook County will support the extension of the broadband infrastructure into south suburban communities with the highest Social Vulnerability Index (SVI) scores in the State of Illinois. Cook County will also add public WiFi access in certain anchor institutions, education institutions and government institutions that serve vulnerable communities.",Infrastructure,2.11,2022-02-10,2024-12-31,0,0,https://www.cookcountyil.gov/sites/g/files/ywwepo161/files/documents/2022-02/ARPA%20At%20A%20Glance%20-%202-10-22.pdf,Cook County ARPA Recovery Plan
Cook County,ARPA State and Local Fiscal Recovery Funds,Broadband Expansion at HACC Properties,Agency lead not specified,Upgrade broadband infrastructure at all Housing Authority of Cook County (HACC) properties,This initiative will upgrade broadband infrastructure at all Housing Authority of Cook Countyowned (HACC) properties. Current network infrastructure can only support 2-3 users at a time and is inadequate to meet the needs of both staff and residents who use the communal computers. This upgrade responds to the increased need for Internet access among HACC residents and staff due to COVID-19 restrictions and will additionally address the digital divide by providing low-income residents access to high-speed Internet.,Infrastructure,2.11,2022-02-10,2024-12-31,0,0,https://www.cookcountyil.gov/sites/g/files/ywwepo161/files/documents/2022-02/ARPA%20At%20A%20Glance%20-%202-10-22.pdf,Cook County ARPA Recovery Plan
Cook County,ARPA State and Local Fiscal Recovery Funds,Digital equity planning,Agency lead not specified,Development of an action plan on digital divide in suburban Cook County,"To coordinate long-term digital equity work, Cook County will develop an action plan to evaluate where suburban Cook’s digital divide exists and outline solutions to cover gaps in broadband access, physical connectivity infrastructure, and financial barriers residents face when accessing digital devices and connections.",Infrastructure,2.11,2022-02-10,2024-12-31,0,0,https://www.cookcountyil.gov/sites/g/files/ywwepo161/files/documents/2022-02/ARPA%20At%20A%20Glance%20-%202-10-22.pdf,Cook County ARPA Recovery Plan
Cook County,ARPA State and Local Fiscal Recovery Funds,Emergency Mortgage Assistance,Housing Authority of Cook County,Support for residents behind on mortgage payments,"The Emergency Mortgage Assistance Program will provide funds to support residents who are behind on mortgage, insurance escrow, and residential real estate tax escrow payments. The program will also fund additional housing services supports to offset foreclosure and further increase household stability.",Emergency Mortgage Assistance,1.49,2022-02-10,2024-12-31,0,0,https://www.cookcountyil.gov/sites/g/files/ywwepo161/files/documents/2022-02/ARPA%20At%20A%20Glance%20-%202-10-22.pdf,Cook County ARPA Recovery Plan
Cook County,ARPA State and Local Fiscal Recovery Funds,Emergency Rental Housing Assistance,Housing Authority of Cook County,"Rental and utility assistance, as well as housing services to offset evictions","The Emergency Rental Assistance Program will provide funds to support residents who are behind on rent, utilities, and household expenses and will cover forward rent to support renter household stability. The program will also fund additional housing services and supports to offset evictions and further increase household stability. Cook County will administer this program in partnership with the Housing Authority of Cook County.",Emergency Rental Assistance,1.49,2022-02-10,2024-12-31,0,0,https://www.cookcountyil.gov/sites/g/files/ywwepo161/files/documents/2022-02/ARPA%20At%20A%20Glance%20-%202-10-22.pdf,Cook County ARPA Recovery Plan
Cook County,ARPA State and Local Fiscal Recovery Funds,Fixed-Site Emergency Shelter for People Experiencing Homelessness,The Bureau of Economic Development,Shelter services for people experiencing homelessness,The Bureau of Economic Development will support organizations within the Cook County Continuum of Care to stand up fixed-site shelter in 5-7 locations to provide health and safety to people in a housing crisis who cannot be diverted from homelessness. These organizations will also provide shelter services to ensure their experience of homelessness is short by reconnecting them to housing and other supports.,Homelessness Support,1.49,2022-02-10,2024-12-31,0,0,https://www.cookcountyil.gov/sites/g/files/ywwepo161/files/documents/2022-02/ARPA%20At%20A%20Glance%20-%202-10-22.pdf,Cook County ARPA Recovery Plan
Cook County,ARPA State and Local Fiscal Recovery Funds,Hotel-Based Sheltering,The Bureau of Economic Development,Hotel-based sheltering for people experiencing homelessness,"The Bureau of Economic Development will continue the hotel-based sheltering approach implemented during the pandemic, when the existing PADS model of shelter with congregate shelter in rotating church basements was no longer viable",Homelessness Support,1.49,2022-02-10,2024-12-31,0,0,https://www.cookcountyil.gov/sites/g/files/ywwepo161/files/documents/2022-02/ARPA%20At%20A%20Glance%20-%202-10-22.pdf,Cook County ARPA Recovery Plan
Cook County,ARPA State and Local Fiscal Recovery Funds,Permanent Supportive Housing for People Experiencing Homelessness,Agency lead not specified,Creation of 250 permanent supportive housing units,"Cook County will create 250 new units of permanent supportive housing, a nationally recognized best practice for ending homelessness. Permanent supportive housing is a housing model that pairs non-time-limited rental subsidies with individualized, intensive, supportive services to help households maintain independent living and housing stability.",Homelessness Support,1.49,2022-02-10,2024-12-31,0,NA,https://www.cookcountyil.gov/sites/g/files/ywwepo161/files/documents/2022-02/ARPA%20At%20A%20Glance%20-%202-10-22.pdf,Cook County ARPA Recovery Plan
Cook County,ARPA State and Local Fiscal Recovery Funds,Emergency Re-entry Vouchers,Cook County Justice Advisory Council,Emergency re-entry voucher program for people leaving Cook County jail and transitioning into housing,"The Justice Advisory Council will administer emergency re-entry vouchers to assist people leaving Cook County Jail in securing safe housing. Currently, approximately 1,100 people in Cook County are kept behind bars after their release date because they cannot find affordable housing.",Resources,4.08,2022-02-10,2024-12-31,0,0,https://www.cookcountyil.gov/sites/g/files/ywwepo161/files/documents/2022-02/ARPA%20At%20A%20Glance%20-%202-10-22.pdf,Cook County ARPA Recovery Plan
Cook County,ARPA State and Local Fiscal Recovery Funds,State's Attorney's Office Crime Investigations,Cook County State Attorney's Office,Funding for violent gun crime investigation and prosecution,"This request will assist the Cook County State's Attorney's Office in investigating and prosecuting violent gun crimes. The State’s Attorney’s Office will use funding to add Investigators to the unit to work with prosecutors (state and federal, law enforcement agencies, etc.) and other stakeholders to help ensure public safety in communities across Cook County.",Safety Initiatives,5.13,2022-02-10,2024-12-31,0,0,https://www.cookcountyil.gov/sites/g/files/ywwepo161/files/documents/2022-02/ARPA%20At%20A%20Glance%20-%202-10-22.pdf,Cook County ARPA Recovery Plan
Cook County,ARPA State and Local Fiscal Recovery Funds,Strengthening Chicago's youth juvenile justice collaborative expansion,Agency lead not specified,Violence-reduction and juvenile justice programming for youth at high risk of exposure to violence,"This project aims to reduce violence and minimize justice involvement of youth who have experienced violence or trauma or are at high risk of exposure to violence. Services include trauma-informed care coordination for 500 justice-involved youth per year over three years, including youth on diversion (arrested for a felony or violent misdemeanor) or youth granted deferred prosecution. Services include intake, assessment, connection to evidence-based programming and pro-social services, emergency assistance, family support services, and postdischarge monitoring. In addition to providing care coordination and direct services for youth and their families, funds will support data tracking and analysis, continuous quality improvement, and developing an evaluation plan.",Safety Initiatives,5.13,2022-02-10,2024-12-31,0,0,https://www.cookcountyil.gov/sites/g/files/ywwepo161/files/documents/2022-02/ARPA%20At%20A%20Glance%20-%202-10-22.pdf,Cook County ARPA Recovery Plan
Cook County,ARPA State and Local Fiscal Recovery Funds,Supporting education and employment development,Cook County Justice Advisory Council,"Funds for the Supporting Education and Employment Development (SEED) Program, a plea-diversion and case management program","The Justice Advisory Council will provide funds to sustain and expand the Supporting Education and Employment Development (SEED) Program, a 13-month pre-plea diversion program for individuals aged 18 to 30, charged with possession with intent to deliver or manufacturing/delivery of a substance. The program provides case management, educational services, trauma-informed and cognitive behavioral interventions, job readiness training, job development and placement, supported employment, and restorative justice activities. The successful completion of the program results in case dismissal and expungement at graduation.",Safety Initiatives,5.13,2022-02-10,2024-12-31,0,0,https://www.cookcountyil.gov/sites/g/files/ywwepo161/files/documents/2022-02/ARPA%20At%20A%20Glance%20-%202-10-22.pdf,Cook County ARPA Recovery Plan
Cook County,ARPA State and Local Fiscal Recovery Funds,Violence prevention and reduction grant portfolio,Cook County Justice Advisory Council,Community-based services supporting justice-involved adults and youth,"The Justice Advisory Council (JAC) will expand funding for community-based services supporting justice-involved adults or youth, and those at high risk of experiencing violence as either a victim or perpetrator. Services include direct street-level intervention, mentoring, basic needs assistance, educational and vocational programming, and behavioral health and wellness support.",Safety Initiatives,5.13,2022-02-10,2024-12-31,0,0,https://www.cookcountyil.gov/sites/g/files/ywwepo161/files/documents/2022-02/ARPA%20At%20A%20Glance%20-%202-10-22.pdf,Cook County ARPA Recovery Plan
Cook County,ARPA State and Local Fiscal Recovery Funds,Behavioral health expansion,Cook County Department of Public Health,"Expanding existing mental health and substance use services, and treatment and prevention programs","Expands existing mental health and substance use services, treatment, and prevention programs in priority communities in suburban Cook County in part through a community-based grants program in partnership with the Justice Advisory Council. Key areas of focus will include suicide prevention (including school-based screening), counseling and treatment, behavioral health workforce development, and youth-focused programs, including restorative justice and school discipline reform",Safety Initiatives,5.13,2022-02-10,2024-12-31,0,0,https://www.cookcountyil.gov/sites/g/files/ywwepo161/files/documents/2022-02/ARPA%20At%20A%20Glance%20-%202-10-22.pdf,Cook County ARPA Recovery Plan
Cook County,ARPA State and Local Fiscal Recovery Funds,Gun Crimes Strategy Unit,Cook County State's Attorney's Office Gun Crimes Strategies Unit,Expanding the Gun Crimes Strategy Unit's outreach efforts,The Gun Crimes Strategies Unit (GCSU) embeds Assistant State's Attorneys in six of the most violent police districts in Chicago. Expansion of the Gun Crimes Strategies Unit will allow the Cook County State's Attorney's Office to expand the reach and efforts of the GCSU in order to help combat the rise in violence and shootings within the City and the South Suburbs.,Safety Initiatives,5.13,2022-02-10,2024-12-31,0,0,https://www.cookcountyil.gov/sites/g/files/ywwepo161/files/documents/2022-02/ARPA%20At%20A%20Glance%20-%202-10-22.pdf,Cook County ARPA Recovery Plan
Cook County,ARPA State and Local Fiscal Recovery Funds,Healing Hurt People Chicago,Cook County Health,"Funding for Healing Hurt People, a trauma-informed violence intervention program","Healing Hurt People (HHP) is a trauma-informed violence intervention program for survivors of urban intentional violence. HHP works to advance the notion that unaddressed psychological trauma is a key driver of the cycle of violence, fueled by the structural violence of racism and stigma. HHP Chicago's goals are to reduce re-injury, retaliation, and criminal justice involvement by having a positive impact on trauma recovery, mental health, and drug use, and help participants achieve independence, work, education, and create a strong future.",Safety Initiatives,5.13,2022-02-10,2024-12-31,0,0,https://www.cookcountyil.gov/sites/g/files/ywwepo161/files/documents/2022-02/ARPA%20At%20A%20Glance%20-%202-10-22.pdf,Cook County ARPA Recovery Plan
Cook County,ARPA State and Local Fiscal Recovery Funds,Invest in Cook expansion,Cook County Department of Transportation and Highways,Expanding a grant program for transportation infrastructure projects,Invest in Cook is an existing grant program that annually awards $8.5 million to communities to advance local transportation infrastructure projects that implement the priorities of the County's long-range transportation plan and support economic outcomes,Transportation,15.26,2022-02-10,2024-12-31,0,0,https://www.cookcountyil.gov/sites/g/files/ywwepo161/files/documents/2022-02/ARPA%20At%20A%20Glance%20-%202-10-22.pdf,Cook County ARPA Recovery Plan
Cook County,ARPA State and Local Fiscal Recovery Funds,Electric vehicle charging stations,Cook County Department of Transportation and Highways,"Funding for electric vehicle charging stations, especially in areas with large service gaps","This initiative involves four components related to increasing access to electric vehicle charging stations throughout Cook County, focusing on where there are currently large gaps in service areas, primarily in the south and west suburbs, through installing 50 Level 2 charging stations, 10 DC fast chargers, 10 Level 2 streetlight charging stations and purchasing one allelectric bus and wireless charger installation to pilot at the Department of Corrections Campus.",Transportation,15.26,2022-02-10,2024-12-31,0,0,https://www.cookcountyil.gov/sites/g/files/ywwepo161/files/documents/2022-02/ARPA%20At%20A%20Glance%20-%202-10-22.pdf,Cook County ARPA Recovery Plan
Cook County,ARPA State and Local Fiscal Recovery Funds,Community Conservation Corps,Forest Preserves of Cook County within the Office of the President,Community conservation projects in local forest preserves,The Forest Preserves along with corps partners will recruit and hire up to 282 adult corps members per year from Cook County who are currently unemployed or under-employed to conduct meaningful conservation work in their local Forest Preserve. Corps members will be deployed in teams of 6 to 10 participants and supervised by experienced Field Leaders who have the technical skills to train and supervise conservation work while providing soft job skills for those new to the work force. A minimum of 75% of participants will gain at least three advanced industry skill certifications.,Support,2.19,2022-02-10,2024-12-31,0,0,https://www.cookcountyil.gov/sites/g/files/ywwepo161/files/documents/2022-02/ARPA%20At%20A%20Glance%20-%202-10-22.pdf,Cook County ARPA Recovery Plan
Cook County,ARPA State and Local Fiscal Recovery Funds,Supporting apprenticeships in suburban Cook,Bureau of Economic Development,Establishing and expanding apprenticeship programs,"As a designated Apprenticeship Navigator by the Illinois Department of Commerce and Economic Opportunity, Cook County will support the establishment of new apprenticeships or expansions of existing apprenticeships in suburban Cook County. The Bureau of Economic Development will fund eligible partners and Illinois Department of Commerce and Economic Opportunity intermediaries to sponsor and manage apprenticeship programs, conduct industry engagement, provide technical assistance to businesses, and support apprentices' progress.",Support,2.19,2022-02-10,2024-12-31,0,0,https://www.cookcountyil.gov/sites/g/files/ywwepo161/files/documents/2022-02/ARPA%20At%20A%20Glance%20-%202-10-22.pdf,Cook County ARPA Recovery Plan
Cook County,ARPA State and Local Fiscal Recovery Funds,Investing in families and youth,Bureau of Economic Development,Workforce developpment and community service programming in suburban Cook County,"Cook County will provide support to workforce and training programs that offer young adults quality paid work experiences to explore career pathways in target sectors or provide opportunities for a “community service corps”. The County will also support the expansion of workforce development programs that serve hard to engage populations including people without stable housing, youth in care and graduates of foster care system, people with disabilities, returning residents, and pregnant and parenting youth. Program resources will support residents of suburban Cook County.",Support,2.19,2022-02-10,2024-12-31,0,0,https://www.cookcountyil.gov/sites/g/files/ywwepo161/files/documents/2022-02/ARPA%20At%20A%20Glance%20-%202-10-22.pdf,Cook County ARPA Recovery Plan
Cook County,ARPA State and Local Fiscal Recovery Funds,Lead pipe removal at Vera Yates Homes and Richard Flowers Home,Department of Transportation and Highways,Removal of remaining lead water pipes at two Housing Authority of Cook County (HACC) affordable family housing properties,"This initiative will remove remaining lead water pipes at two Housing Authority of Cook County (HACC) affordable family housing properties: the Vera Yates Homes in Ford Heights and the Richard Flowers Homes in Robbins. This funding will allow HACC to remove all lead pipes at each of these properties, preventing children living at these sites from suffering irreparable, life-long neurological damage associated with lead exposure, and provide all residents of these developments a healthier, safer living environment.",Infrastructure,3.75,2022-02-10,2024-12-31,0,0,https://www.cookcountyil.gov/sites/g/files/ywwepo161/files/documents/2022-02/ARPA%20At%20A%20Glance%20-%202-10-22.pdf,Cook County ARPA Recovery Plan
Cook County,ARPA State and Local Fiscal Recovery Funds,"Lead, leaking, and obsolete service line replacement pilot program",Cook County Bureau of Economic Development,"Management for lead, leaking, and obsolete service line replacements in high-risk communities","Cook County will work in partnership with municipal water utilities to oversee and manage lead, leaking, and obsolete service line replacement across Cook County. This program will target high-risk communities, including improvements to individual homes, and high-risk facilities, including preschools, daycare centers, home daycare providers, group daycare homes, parks, playgrounds, hospitals and clinics.",Infrastructure,3.75,2022-02-10,2024-12-31,0,0,https://www.cookcountyil.gov/sites/g/files/ywwepo161/files/documents/2022-02/ARPA%20At%20A%20Glance%20-%202-10-22.pdf,Cook County ARPA Recovery Plan
Cook County,ARPA State and Local Fiscal Recovery Funds,Programs and services for domestic violence victims and survivors,Cook County Offices Under the President,Grants for providers serving domestic violence survivors,"The Offices Under the President will administer grants to providers that serve survivors of domestic violence. Domestic violence advocates have requested this funding to support legal resources, mental health resources, and rapid housing resources for domestic violence victims and survivors.",Resources,4.08,2022-02-10,2024-12-31,0,0,https://www.cookcountyil.gov/sites/g/files/ywwepo161/files/documents/2022-02/ARPA%20At%20A%20Glance%20-%202-10-22.pdf,Cook County ARPA Recovery Plan
Cook County,ARPA State and Local Fiscal Recovery Funds,Public Defender Community Defense Center,Law Office of the Cook County Public Defender,Legal services for the Roseland/South Chicago and West Garfield Park/Humboldt Park communities,"Provides robust legal services to two Cook County communities that have been disproportionately affected by COVID-19, incarceration, and gun violence--greater Roseland/South Chicago and greater West Garfield Park/Humboldt Park. The Community Defense Center will work predominantly with African American and Latinx communities, providing legal services, community empowerment, advocacy and education.",Resources,4.08,2022-02-10,2024-12-31,0,0,https://www.cookcountyil.gov/sites/g/files/ywwepo161/files/documents/2022-02/ARPA%20At%20A%20Glance%20-%202-10-22.pdf,Cook County ARPA Recovery Plan
Cook County,ARPA State and Local Fiscal Recovery Funds,Rain Ready Plan implementation,Department of Transportation and Highways,Stormwater management programs in high flood-risk communities,"Cook County partnered with the Center for Neighborhood Technology to create a Rain Ready plan for the Calumet Corridor, which includes Blue Island, Calumet City, Calumet Park, Dolton, Riverdale, and Robbins and has a history of both disinvestment and flooding. The Department of Environment and Sustainability will put these six communities on a path towards greater resilience by implementing many of the recommended projects to improve stormwater management through green infrastructure and sustainable economic development.",Infrastructure,3.75,2022-02-10,2024-12-31,0,0,https://www.cookcountyil.gov/sites/g/files/ywwepo161/files/documents/2022-02/ARPA%20At%20A%20Glance%20-%202-10-22.pdf,Cook County ARPA Recovery Plan
Cook County,ARPA State and Local Fiscal Recovery Funds,Re-entry housing resources,Cook County Justice Advisory Council,Funding for community-based organizations to provide rental and security deposit assistance,"The Justice Advisory Council will fund Cook County community-based organizations to provide rental assistance, security deposit assistance, and outreach counseling to justice-involved individuals. The initiative will also explore more effective housing strategies, partnerships and supports to connect these individuals to stable and permanent housing thus helping to reduce recidivism.",Resources,4.08,2022-02-10,2024-12-31,0,0,https://www.cookcountyil.gov/sites/g/files/ywwepo161/files/documents/2022-02/ARPA%20At%20A%20Glance%20-%202-10-22.pdf,Cook County ARPA Recovery Plan
Cook County,ARPA State and Local Fiscal Recovery Funds,Small Business Assistance Program & One Stop Shop,Cook County Bureau of Economic Development,"Advising services, webinars, and recovery grants for small businesses","The Small Business Assistance Program supports a coordinated network of over 30 partners that provide one-on-one business advising, webinars, and recovery grants. New funding will further build the capacity of partners to deliver services, increase availability of services in suburban Cook, and support the establishment of a Cook County “One-Stop Small Business Service Center.”",Small Business,12.35,2022-02-10,2024-12-31,0,0,https://www.cookcountyil.gov/sites/g/files/ywwepo161/files/documents/2022-02/ARPA%20At%20A%20Glance%20-%202-10-22.pdf,Cook County ARPA Recovery Plan
Cook County,ARPA State and Local Fiscal Recovery Funds,Small Business Grant Program,Cook County Bureau of Economic Development,Grants to small businesses with less than 20 employees and early-stage businesses impacted by Covid-19,"Grants to small businesses with less than 20 employees that continue to suffer from the impacts of COVID-19, as well as early-stage businesses formed since the onset of COVID-19. The grants will position businesses for growth and a sustainable path forward.",Small Business,12.35,2022-02-10,2024-12-31,0,0,https://www.cookcountyil.gov/sites/g/files/ywwepo161/files/documents/2022-02/ARPA%20At%20A%20Glance%20-%202-10-22.pdf,Cook County ARPA Recovery Plan
Cook County,ARPA State and Local Fiscal Recovery Funds,Stormwater management project implementation,Department of Transportation and Highways,Stormwater management programs in high flood-risk communities,Cook County will provide funding to the Metropolitan Water Reclamation District of Greater Chicago (MWRD) to support stormwater management in communities that experience significant flooding. This funding will allow MWRD to expand beyond funding to include overall responsibility for stormwater management project implementation since local capacity constraints currently limit the existing program's impact.,Infrastructure,3.75,2022-02-10,2024-12-31,0,0,https://www.cookcountyil.gov/sites/g/files/ywwepo161/files/documents/2022-02/ARPA%20At%20A%20Glance%20-%202-10-22.pdf,Cook County ARPA Recovery Plan
Cook County,ARPA State and Local Fiscal Recovery Funds,Transforming Places,Cook County Bureau of Economic Development; Cook County Equity Fund Taskforce,Economic and community development planning,"Cook County will identify high vulnerability communities and co-design a process to meet community-defined needs for economic development, community building, community safety, public health, education or social services. The County will support communities over a sustained period to ensure implementation and capacity-building, as well as helping attract additional public, private, and philanthropic resources.",Direct Household Assistance,3.59,2022-02-10,2024-12-31,0,0,https://www.cookcountyil.gov/sites/g/files/ywwepo161/files/documents/2022-02/ARPA%20At%20A%20Glance%20-%202-10-22.pdf,Cook County ARPA Recovery Plan
Cook County,ARPA State and Local Fiscal Recovery Funds,Veteran Grant Program,Cook County Department of Veterans Affairs,Establishing a fund to provide grants for community-based veteran service organizations and veteran-owned businesses,The Department of Veterans Affairs will establish a fund to provide grants to community-based veteran service organizations and veteran-owned businesses. The Veteran Grant Program will begin with a seed of $5 million for grants in the following areas: Program Enhancement; Capital Improvements; and Small Business Development.,Direct Household Assistance,3.59,2022-02-10,2024-12-31,0,0,https://www.cookcountyil.gov/sites/g/files/ywwepo161/files/documents/2022-02/ARPA%20At%20A%20Glance%20-%202-10-22.pdf,Cook County ARPA Recovery Plan
Cook County,ARPA State and Local Fiscal Recovery Funds,Guaranteed Income Program,Agency lead not specified,Recurring monthly unrestricted payments to a to-be-defined set of residents for at least 12 months to improve participants’ long-term economic stability,The Cook County Guaranteed Income Program will provide recurring monthly unrestricted payments to a to-be-defined set of residents for at least 12 months to improve participants’ long-term economic stability. The Guaranteed Income Program builds on the demonstrated success of guaranteed income programs in other jurisdictions in increasing residents’ financial stability and improving their health outcomes. Cook County’s program will include a research evaluation component to help the County better understand participant impacts.,Direct Household Assistance,3.59,2022-02-10,2024-12-31,0,0,https://www.cookcountyil.gov/sites/g/files/ywwepo161/files/documents/2022-02/ARPA%20At%20A%20Glance%20-%202-10-22.pdf,Cook County ARPA Recovery Plan
Cook County,ARPA State and Local Fiscal Recovery Funds,Cook County Residential Water Conservation and Energy Efficiency Program,Agency lead not specified,Utility bill cost reduction program,"The program will increase housing affordability for residents by reducing utility costs. Specifically, the project identifies residents for home energy and water assessments and implement energy efficiency improvements and water conservation measures (such as window replacement, roof repairs, insulation, air sealing, HVAC improvements, LED lighting, energyefficient windows and doors, installing low-flow water appliances and repairing leaks).",Direct Household Assistance,3.59,2022-02-10,2024-12-31,0,0,https://www.cookcountyil.gov/sites/g/files/ywwepo161/files/documents/2022-02/ARPA%20At%20A%20Glance%20-%202-10-22.pdf,Cook County ARPA Recovery Plan
Cook County,ARPA State and Local Fiscal Recovery Funds,Cook County Water Affordability Program,Agency lead not specified,Water utility bill payment assistance,"The Cook County Water Affordability Program will provide water utility bill payment assistance to help households suffering from income loss and mounting bills during the pandemic. The program will reduce uncollectable debt for municipal water utilities. The anticipated focus of the program is on communities with a high-water burden, meaning that the household spends a significantly larger portion of their income on the water and sewer bill.",Direct Household Assistance,3.59,2022-02-10,2024-12-31,0,0,https://www.cookcountyil.gov/sites/g/files/ywwepo161/files/documents/2022-02/ARPA%20At%20A%20Glance%20-%202-10-22.pdf,Cook County ARPA Recovery Plan
Cook County,ARPA State and Local Fiscal Recovery Funds,Community Information Exchange,Agency lead not specified,Development of a Community Information Exchange (CIE) to enhance in-development 211 system,"Cook County Legal Aid for Housing and Debt (CCLAHD) helps residents resolve eviction, foreclosure, consumer debt, and tax deed issues pre-court and during the court process. CCLAHD provides free legal aid, mediation services, case management, and connections for tenants and landlords dealing with evictions, property owners who are behind on their mortgage payments or property taxes, and creditors and debtors with issues related to consumer debt.",Direct Household Assistance,3.59,2022-02-10,2024-12-31,0,0,https://www.cookcountyil.gov/sites/g/files/ywwepo161/files/documents/2022-02/ARPA%20At%20A%20Glance%20-%202-10-22.pdf,Cook County ARPA Recovery Plan
Cook County,ARPA State and Local Fiscal Recovery Funds,Cook County Legal Aid for Housing and Debt,Agency lead not specified,"Legal aid and case management services for residents facing eviction, foreclosure, consumer debt, and tax deed issues","The program will increase housing affordability for residents by reducing utility costs. Specifically, the project identifies residents for home energy and water assessments and implement energy efficiency improvements and water conservation measures (such as window replacement, roof repairs, insulation, air sealing, HVAC improvements, LED lighting, energyefficient windows and doors, installing low-flow water appliances and repairing leaks). This program will also serve as a jobs program by employing local residents.",Direct Household Assistance,3.59,2022-02-10,2024-12-31,0,0,https://www.cookcountyil.gov/sites/g/files/ywwepo161/files/documents/2022-02/ARPA%20At%20A%20Glance%20-%202-10-22.pdf,Cook County ARPA Recovery Plan
Cook County,ARPA State and Local Fiscal Recovery Funds,Abolish Medical Debt,Agency lead not specified,Purchasing and retiring medical debt of income-eligible patients in Cook County hospitals,"Cook County will support the development of a Community Information Exchange (CIE) for suburban Cook County and the City of Chicago to enhance the 211 system already being collaboratively developed by Cook County, the City of Chicago and a range of partners. A CIE is an interconnected and linked network of health, behavioral health, human, and social service providers that share information and coordinate services so that an individual receives the whole person care they need to be healthy and thrive, regardless of how they initially enter services, creating a “no wrong door” access to the social and health services system.",Direct Household Assistance,3.59,2022-02-10,2024-12-31,0,0,https://www.cookcountyil.gov/sites/g/files/ywwepo161/files/documents/2022-02/ARPA%20At%20A%20Glance%20-%202-10-22.pdf,Cook County ARPA Recovery Plan
Illinois,ARPA State and Local Fiscal Recovery Funds,American Rescue Plan Capital Assets Program,Illinois Department of Commerce and Economic Opportunity,Support improvements and investments in commecial corridors and downtowns,"To support improvements and encourage investment in commercial corridors and downtowns that have experienced disinvestment, particularly in communities hardest hit by COVID-19. Through this program, DCEO can fund projects that make these areas more attractive for private investment, generate short-term and long-term employment opportunities, and improve quality of life in the community through high-quality infrastructure and amenities.",Corridors,45,2021-06-21,2024-12-31,0,1,https://www2.illinois.gov/sites/budget/Documents/Budget Book/FY2022-Budget-Book/FY22_Enacted_ARPA_Summary_6.21.21.pdf,Illinois ARPA Fiscal Year 2022 Appropriations
Illinois,ARPA State and Local Fiscal Recovery Funds,Back to Business Grant Program,Illinois Department of Commerce and Economic Opportunity,Funds for businesses for revenue loss recovery,"For general business recovery and to offset losses during the pandemic, including a set aside for businesses that applied but did not receive funding under the Business Interruption Grant Program (BIG) and a set aside for business regrowth and renewal",Workforce Recovery,300,2021-06-21,2024-12-31,0,1,https://www2.illinois.gov/sites/budget/Documents/Budget Book/FY2022-Budget-Book/FY22_Enacted_ARPA_Summary_6.21.21.pdf,Illinois ARPA Fiscal Year 2022 Appropriations
Illinois,ARPA State and Local Fiscal Recovery Funds,Child Advocacy Centers,Illinois Department of Children and Family Services,Support for child advocacy centers managed by the Department of Children and Family Services,Support for child advocacy centers managed by the Department of Children and Family Services,Youth,3,2021-06-21,2024-12-31,0,1,https://www2.illinois.gov/sites/budget/Documents/Budget Book/FY2022-Budget-Book/FY22_Enacted_ARPA_Summary_6.21.21.pdf,Illinois ARPA Fiscal Year 2022 Appropriations
Illinois,ARPA State and Local Fiscal Recovery Funds,COVID-19 Affordable Housing Grant Program,Illinois Housing Development Authority,Creates new financing programs and tax incentives for affordable housing,Creates new financing programs and tax incentives to support the creation and preservation of affordable housing in communities across Illinois,Support,75,2021-06-21,2024-12-31,0,1,https://www2.illinois.gov/sites/budget/Documents/Budget Book/FY2022-Budget-Book/FY22_Enacted_ARPA_Summary_6.21.21.pdf,Illinois ARPA Fiscal Year 2022 Appropriations
Illinois,ARPA State and Local Fiscal Recovery Funds,Fifth Street Renaissance,Illinois Department of Human Services,"Funding for Fifth Street Renaissance, a community organization providing education and outreach programs","Fifth Street Renaissance provides a variety of education and outreach programs, including HIV positive support groups, active street and community outreach, prison outreach, drug addiction outreach, and local school district outreach",Support,0.1,2021-06-21,2024-12-31,0,1,https://www2.illinois.gov/sites/budget/Documents/Budget Book/FY2022-Budget-Book/FY22_Enacted_ARPA_Summary_6.21.21.pdf,Illinois ARPA Fiscal Year 2022 Appropriations
Illinois,ARPA State and Local Fiscal Recovery Funds,Grant to the Black and Gold Initiative,Illinois State Board of Education,"The Black and Gold Initiative provides mentoring, educational programming, and violence prevention programming for Black male high school students","The Black and Gold Initiative provides mentoring, educational programming, and violence prevention for black male high school students to attain educational excellence in the Champaign-Urbana area. The grant will support mentoring, education programing, and violence prevention.",Resources,75,2021-06-21,2024-12-31,0,1,https://www2.illinois.gov/sites/budget/Documents/Budget Book/FY2022-Budget-Book/FY22_Enacted_ARPA_Summary_6.21.21.pdf,Illinois ARPA Fiscal Year 2022 Appropriations
Illinois,ARPA State and Local Fiscal Recovery Funds,Grants for violence prevention programs,Illinois Criminal Justice Information Authority,Violence prevention programs,These funds support violence prevention programs,Safety Initiatives,50,2021-06-21,2024-12-31,0,1,https://www2.illinois.gov/sites/budget/Documents/Budget Book/FY2022-Budget-Book/FY22_Enacted_ARPA_Summary_6.21.21.pdf,Illinois ARPA Fiscal Year 2022 Appropriations
Illinois,ARPA State and Local Fiscal Recovery Funds,Homeless Youth Services,Illinois Department of Human Services,Programs supporting youth experiencing homelessness,Programs supporting youth experiencing homelessness,Homelessness Support,1,2021-06-21,2024-12-31,0,1,https://www2.illinois.gov/sites/budget/Documents/Budget Book/FY2022-Budget-Book/FY22_Enacted_ARPA_Summary_6.21.21.pdf,Illinois ARPA Fiscal Year 2022 Appropriations
Illinois,ARPA State and Local Fiscal Recovery Funds,Homeowner Assistance Fund,Illinois Housing Development Authority,"Funding to help prevent mortgage delinquency, defaults, foreclosures, loss of utilities or home energy services, or homeowner displacement","Provides funding to help prevent mortgage delinquency, defaults, foreclosures, loss of utilities or home energy services, or the displacement of homeowners experiencing financial hardships",Homeowner Assistance,386.9,2021-06-21,2024-12-31,0,1,https://www2.illinois.gov/sites/budget/Documents/Budget Book/FY2022-Budget-Book/FY22_Enacted_ARPA_Summary_6.21.21.pdf,Illinois ARPA Fiscal Year 2022 Appropriations
Illinois,ARPA State and Local Fiscal Recovery Funds,Low Income Home Energy Assistance Program,Illinois Department of Commerce and Economic Opportunity,Provides home energy bill assistance,"The Low-Income Home Energy Assistance Program (LIHEAP) provides assistance in managing costs associated with home energy bills, energy crises, weatherization and energy-related minor home repairs",Direct Household Assistance,252.79,2021-06-21,2024-12-31,0,1,https://www2.illinois.gov/sites/budget/Documents/Budget Book/FY2022-Budget-Book/FY22_Enacted_ARPA_Summary_6.21.21.pdf,Illinois ARPA Fiscal Year 2022 Appropriations
Illinois,ARPA State and Local Fiscal Recovery Funds,Low Income Household Water Assistance Program,Illinois Department of Commerce and Economic Opportunity,Assists low-income households with affordable drinking water and wastewater services,"The Low Income Household Water Assistance Program will assist low-income households, particularly those with the lowest incomes and that pay a high proportion of household income for drinking water and wastewater services, by providing funds to owners or operators of public water systems or treatment works to reduce arrearages of and rates charged to low-income households for water and wastewater services.",Direct Household Assistance,55,2022-06-15,2024-12-31,0,1,https://www2.illinois.gov/sites/budget/Documents/LBOC/LBOC-Report-May-2022%20.pdf,State of Illinois Executive Office of the Governor Governor's Office of Management and Budget
Illinois,ARPA State and Local Fiscal Recovery Funds,Other Impacted Industries and Agencies,Illinois Department of Commerce and Economic Opportunity,Assistance for convention centers and visitors bureaus,Funds for convention centers and visitors bureaus,Workforce Recovery,69,2021-06-21,2024-12-31,0,1,https://www2.illinois.gov/sites/budget/Documents/Budget Book/FY2022-Budget-Book/FY22_Enacted_ARPA_Summary_6.21.21.pdf,Illinois ARPA Fiscal Year 2022 Appropriations
Illinois,ARPA State and Local Fiscal Recovery Funds,Other Impacted Industries and Agencies,Illinois Department of Commerce and Economic Opportunity,Funds supporting recovery efforts for the Metropolitan Pier and Exposition Authority,Funds supporting recovery efforts for the Metropolitan Pier and Exposition Authority,Workforce Recovery,30,2021-06-21,2024-12-31,0,1,https://www2.illinois.gov/sites/budget/Documents/Budget Book/FY2022-Budget-Book/FY22_Enacted_ARPA_Summary_6.21.21.pdf,Illinois ARPA Fiscal Year 2022 Appropriations
Illinois,ARPA State and Local Fiscal Recovery Funds,Other Impacted Industries and Agencies,Illinois Department of Commerce and Economic Opportunity,Funds supporting recovery efforts for Navy Pier,Funds supporting recovery efforts for Navy Pier,Workforce Recovery,8,2021-06-21,2024-12-31,0,1,https://www2.illinois.gov/sites/budget/Documents/Budget Book/FY2022-Budget-Book/FY22_Enacted_ARPA_Summary_6.21.21.pdf,Illinois ARPA Fiscal Year 2022 Appropriations
Illinois,ARPA State and Local Fiscal Recovery Funds,Other Impacted Industries and Agencies,Illinois Department of Commerce and Economic Opportunity,Funds supporting recovery efforts for the Rosemont Convention Center,Funds supporting recovery efforts for the Rosemont Convention Center,Workforce Recovery,15,2021-06-21,2024-12-31,0,1,https://www2.illinois.gov/sites/budget/Documents/Budget Book/FY2022-Budget-Book/FY22_Enacted_ARPA_Summary_6.21.21.pdf,Illinois ARPA Fiscal Year 2022 Appropriations
Illinois,ARPA State and Local Fiscal Recovery Funds,Other Impacted Industries and Agencies,Illinois Department of Commerce and Economic Opportunity,General grants and funds for alleviating financial impacts on agencies and industries,Other grants and funds for agencies and industries impacted financially by the Covid-19 pandemic,Workforce Recovery,1.68,2021-06-21,2024-12-31,0,1,https://www2.illinois.gov/sites/budget/Documents/Budget Book/FY2022-Budget-Book/FY22_Enacted_ARPA_Summary_6.21.21.pdf,Illinois ARPA Fiscal Year 2022 Appropriations
Illinois,ARPA State and Local Fiscal Recovery Funds,Other Violence Prevention Grants,Illinois Criminal Justice Information Authority,Violence prevention programs,These funds support violence prevention programs,Safety Initiatives,5.85,2021-06-21,2024-12-31,0,1,https://www2.illinois.gov/sites/budget/Documents/Budget Book/FY2022-Budget-Book/FY22_Enacted_ARPA_Summary_6.21.21.pdf,Illinois ARPA Fiscal Year 2022 Appropriations
Illinois,ARPA State and Local Fiscal Recovery Funds,Summer Youth Employment,Illinois Department of Human Services,Youth workforce development programs,Progams that support youth in developing workplace skills and gaining employment experience,Youth,60,2021-06-21,2024-12-31,0,1,https://www2.illinois.gov/sites/budget/Documents/Budget Book/FY2022-Budget-Book/FY22_Enacted_ARPA_Summary_6.21.21.pdf,Illinois ARPA Fiscal Year 2022 Appropriations
Illinois,ARPA State and Local Fiscal Recovery Funds,Supportive Housing Services,Illinois Department of Human Services,Increasing affordable and supportive housing supply,Increasing the supply of affordable housing and supportive housing and addressing homelessness to build stronger communities,Support,25,2021-06-21,2024-12-31,0,1,https://www2.illinois.gov/sites/budget/Documents/Budget Book/FY2022-Budget-Book/FY22_Enacted_ARPA_Summary_6.21.21.pdf,Illinois ARPA Fiscal Year 2022 Appropriations
Illinois,ARPA State and Local Fiscal Recovery Funds,Supportive Housing Services,Illinois Department of Human Services,Increasing affordable and supportive housing supply,Increasing the supply of affordable housing and supportive housing and addressing homelessness to build stronger communities,Support,3.05,2021-06-21,2024-12-31,0,1,https://www2.illinois.gov/sites/budget/Documents/Budget Book/FY2022-Budget-Book/FY22_Enacted_ARPA_Summary_6.21.21.pdf,Illinois ARPA Fiscal Year 2022 Appropriations
Illinois,ARPA State and Local Fiscal Recovery Funds,Teen Reach,Illinois Department of Human Services,After school programs for high-risk youth between ages 6 and 17,Teen REACH is a comprehensive development initiative providing afterschool program services to high-risk youth between the ages of 6 and 17,Youth,10,2021-06-21,2024-12-31,0,1,https://www2.illinois.gov/sites/budget/Documents/Budget Book/FY2022-Budget-Book/FY22_Enacted_ARPA_Summary_6.21.21.pdf,Illinois ARPA Fiscal Year 2022 Appropriations
Illinois,ARPA State and Local Fiscal Recovery Funds,Tourism Attraction Development Grant Program,Illinois Department of Commerce and Economic Opportunity,Tourism programming,"Funds supporting the Illinois Department of Commerce and Economic Opportunity's tourism grants, including the Main Street Festival Grant",Workforce Recovery,10,2021-06-21,2024-12-31,0,1,https://www2.illinois.gov/sites/budget/Documents/Budget Book/FY2022-Budget-Book/FY22_Enacted_ARPA_Summary_6.21.21.pdf,Illinois ARPA Fiscal Year 2022 Appropriations
Illinois,ARPA State and Local Fiscal Recovery Funds,Unemployment Insurance Extension Implementation Grants,Illinois Department of Employment Security,Implementation of extended unemployment insurance,These funds support implementation of extended unemployment insurance,Direct Household Assistance,0.28,2021-06-21,2024-12-31,0,1,https://www2.illinois.gov/sites/budget/Documents/Budget Book/FY2022-Budget-Book/FY22_Enacted_ARPA_Summary_6.21.21.pdf,Illinois ARPA Fiscal Year 2022 Appropriations
Illinois,ARPA State and Local Fiscal Recovery Funds,United Power,Illinois Department of Human Services,"Funding for United Power, a non-partisan community group","United Power is a non-partisan community organization composed of 40 religious congregations, not-for-profit groups, hospitals, health centers and civic organizations from across Cook County",Support,10,2021-06-21,2024-12-31,0,1,https://www2.illinois.gov/sites/budget/Documents/Budget Book/FY2022-Budget-Book/FY22_Enacted_ARPA_Summary_6.21.21.pdf,Illinois ARPA Fiscal Year 2022 Appropriations
Illinois,ARPA State and Local Fiscal Recovery Funds,Workforce recovery,Illinois Department of Commerce and Economic Opportunity,Workforce programs for displaced wokers and underrepresented populations,"Connects displaced workers, with an emphasis on underrepresented populations, with new opportunities and reinvigorated efforts to reach unemployed and underemployed populations at all skill levels",Workforce Recovery,50,2021-06-21,2024-12-31,0,1,https://www2.illinois.gov/sites/budget/Documents/Budget Book/FY2022-Budget-Book/FY22_Enacted_ARPA_Summary_6.21.21.pdf,Illinois ARPA Fiscal Year 2022 Appropriations
Chicago,CARES,Community Development Block Grant,U.S. Department of Housing and Urban Development,"Funds available to states, metropolitan cities, urban counties, and insular areas to respond to the Covid-19 pandemic. At least 70 percent of every grant must be expended for activities that benefit low- and moderate-income persons","Funds available to states, metropolitan cities, urban counties, and insular areas to respond to the Covid-19 pandemic. At least 70 percent of every grant must be expended for activities that benefit low- and moderate-income persons by providing housing, a permanent job, a public service, or access to new or significantly improved infrastructure. The remaining 30 percent may be used to eliminate slum or blighted conditions, or to address an urgent need for which the grantee certifies it has no other funding.",Infrastructure,66.86,2020-09-25,2021-12-31,1,1,https://www.hud.gov/program_offices/comm_planning/budget/fy20,U.S. Department of Housing and Urban Development CARES Act Supplemental Funding
Chicago,CARES,Coronavirus Relief Fund,U.S. Department of the Treasury,"Broad Covid-19 relief funds for state, local, and Tribal governments","This fund includes payments to State, Local, and Tribal governments navigating the impact of the Covid-19 pandemic",All,470.08,2020-05-11,2021-12-31,1,1,https://home.treasury.gov/policy-issues/coronavirus/assistance-for-state-local-and-tribal-governments/coronavirus-relief-fund,U.S. Department of the Treasury
Chicago,CARES,Homeless Assistance Grants (Emergency Solution Grants),U.S. Department of Housing and Urban Development,Homelessness assistance and prevention,"These funds are designated to prevent, prepare for, and respond to the Covid-19 pandemic among individuals and families who are homeless or receiving homeless asssitance, and to support additional homelessness assistance and prevention activities",Homelessness Support,54.2,2020-06-01,2021-12-31,1,1,https://www.hud.gov/sites/dfiles/CPD/documents/ESG_CARES_Act_Round_2_Allocation_Methodology_rev.pdf,U.S. Department of Housing and Urban Development CARES Act Emergency Solutions Grant (ESG) Appropriations
Cook County,CARES,Community Development Block Grant,U.S. Department of Housing and Urban Development,"Funds available to states, metropolitan cities, urban counties, and insular areas to respond to the Covid-19 pandemic. At least 70 percent of every grant must be expended for activities that benefit low- and moderate-income persons","Funds available to states, metropolitan cities, urban counties, and insular areas to respond to the Covid-19 pandemic. At least 70 percent of every grant must be expended for activities that benefit low- and moderate-income persons by providing housing, a permanent job, a public service, or access to new or significantly improved infrastructure. The remaining 30 percent may be used to eliminate slum or blighted conditions, or to address an urgent need for which the grantee certifies it has no other funding.",Infrastructure,16.02,2020-09-25,2021-12-31,1,1,https://www.hud.gov/program_offices/comm_planning/budget/fy20,U.S. Department of Housing and Urban Development CARES Act Supplemental Funding
Cook County,CARES,Coronavirus Relief Fund,U.S. Department of the Treasury,"Broad Covid-19 relief funds for state, local, and Tribal governments","This fund includes payments to State, Local, and Tribal governments navigating the impact of the Covid-19 pandemic",All,428.6,2020-05-11,2021-12-31,1,1,https://home.treasury.gov/policy-issues/coronavirus/assistance-for-state-local-and-tribal-governments/coronavirus-relief-fund,U.S. Department of the Treasury
Cook County,CARES,Homeless Assistance Grants (Emergency Solution Grants),U.S. Department of Housing and Urban Development,Homelessness assistance and prevention,"These funds are designated to prevent, prepare for, and respond to the Covid-19 pandemic among individuals and families who are homeless or receiving homeless asssitance, and to support additional homelessness assistance and prevention activities.",Homelessness Support,8.86,2020-06-01,2021-12-31,1,1,https://www.hud.gov/sites/dfiles/CPD/documents/ESG_CARES_Act_Round_2_Allocation_Methodology_rev.pdf,U.S. Department of Housing and Urban Development CARES Act Emergency Solutions Grant (ESG) Appropriations
Illinois,CARES,Child Care and Development Block Grant,U.S. Department of Health and Human Services,Child assistance for low-income families,"These funds supplement general revenue funds for child care assistance for low-income families. The supplemental funding must be used for activities authorized under the CCDBG Act that prevent, prepare for, and respond to the Covid-19 pandemic.",Direct Household Assistance,118.42,2020-04-15,2023-09-30,0,1,https://www.acf.hhs.gov/occ/data/2020-cares-act-ccdbg-supplemental-funding-allocations-states-and-territories,U.S. Department of Health and Human Services 2020 CARES Act CCDBG Supplemental Allocations
Illinois,CARES,Community Development Block Grant,U.S. Department of Housing and Urban Development,"Funds available to states, metropolitan cities, urban counties, and insular areas to respond to the Covid-19 pandemic. At least 70 percent of every grant must be expended for activities that benefit low- and moderate-income persons","Funds available to states, metropolitan cities, urban counties, and insular areas to respond to the Covid-19 pandemic. At least 70 percent of every grant must be expended for activities that benefit low- and moderate-income persons by providing housing, a permanent job, a public service, or access to new or significantly improved infrastructure. The remaining 30 percent may be used to eliminate slum or blighted conditions, or to address an urgent need for which the grantee certifies it has no other funding.",Infrastructure,70.75,2020-09-25,2021-12-31,1,1,https://www.hud.gov/program_offices/comm_planning/budget/fy20,U.S. Department of Housing and Urban Development CARES Act Supplemental Funding
Illinois,CARES,Coronavirus Relief Fund,U.S. Department of the Treasury,"Broad Covid-19 relief funds for state, local, and Tribal governments","This fund includes payments to State, Local, and Tribal governments navigating the impact of the Covid-19 pandemic",All,3518.95,2020-05-11,2021-12-31,1,1,https://home.treasury.gov/policy-issues/coronavirus/assistance-for-state-local-and-tribal-governments/coronavirus-relief-fund,U.S. Department of the Treasury
Illinois,CARES,Federal Transit Administration (FTA) Grants,U.S. Department of Transportation,Supplemental funds for existing Federal Transit Administration programs,These funds are supplemental appropriations to a number of existing (some lapsed) FTA programs,Transportation,57,2022-06-15,NA,0,1,https://www2.illinois.gov/sites/budget/Documents/LBOC/LBOC-Report-May-2022%20.pdf,State of Illinois Executive Office of the Governor Governor's Office of Management and Budget
Illinois,CARES,Grants in Aid for Airports,Federal Aviation Administration,Funds for airports for general Covid-19 response,"Funding distributed to airports to prevent, prepare for, and respond to the impacts of the Covid-19 pandemic",Transportation,447,2022-04-15,NA,0,1,https://www2.illinois.gov/sites/budget/Documents/LBOC/LBOC-Report-May-2022%20.pdf,State of Illinois Executive Office of the Governor Governor's Office of Management and Budget
Illinois,CARES,Homeless Assistance Grants (Emergency Solution Grants),U.S. Department of Housing and Urban Development,Homelessness assistance and prevention,"These funds are designated to prevent, prepare for, and respond to the Covid-19 pandemic among individuals and families who are homeless or receiving homeless asssitance, and to support additional homelessness assistance and prevention activities.",Homelessness Support,42.87,2020-06-01,2021-12-31,1,1,https://www.hud.gov/sites/dfiles/CPD/documents/ESG_CARES_Act_Round_2_Allocation_Methodology_rev.pdf,U.S. Department of Housing and Urban Development CARES Act Emergency Solutions Grant (ESG) Appropriations
Chicago,CRRSAA,Emergency Rental Assistance (ERA1),U.S. Department of the Treasury,"Funds for emergency rental housing, including rent and utility assistance and case management","These funds support emergency rental housing. At least 90 percent of awarded funds must be used for direct financial assistance, including rent, rental arrears, utilities and home energy costs, utilities and home energy costs arrears, and other expenses related to housing. Remaining funds are available for housing stability services, including case management and other services intended to keep households stably housed.",Emergency Rental Assistance,79.86,2021-01-26,2022-12-31,0,1,https://home.treasury.gov/system/files/136/Emergency-Rental-Assistance-Payments-to-States-and-Eligible-Units-of-Local-Government.pdf,U.S. Department of the Treasury Emergency Rental Assistance Program Payments
Chicago,CRRSAA,Federal Transit Administration (FTA) Grants,U.S. Department of Transportation,Supplemental funds for existing Federal Transit Administration programs,These funds are supplemental appropriations to a number of existing (some lapsed) FTA programs,Transportation,470.79,2021-06-14,NA,0,1,https://www.transit.dot.gov/funding/apportionments/fiscal-year-2021-crrsaa-act-supplemental-public-transportation,U.S. Department of Transportation Fiscal Year 2021 CRRSAA Act Supplemental Allocations
Chicago,CRRSAA,Surface Transportation Block Grant Program (STBGP),U.S. Department of Transportation,Supplemental appropriations to existing highway infrastructure programs,Supplemental appropriations to existing highway infrastructure programs,Transportation,55.03,2021-01-15,2024-12-31,0,1,https://www.fhwa.dot.gov/legsregs/directives/notices/n4510851/,U.S. Department of Transportation Apportionment of Highway Infrastructure Program Funds
Cook County,CRRSAA,Emergency Rental Assistance (ERA1),U.S. Department of the Treasury,"Funds for emergency rental housing, including rent and utility assistance and case management","These funds support emergency rental housing. At least 90 percent of awarded funds must be used for direct financial assistance, including rent, rental arrears, utilities and home energy costs, utilities and home energy costs arrears, and other expenses related to housing. Remaining funds are available for housing stability services, including case management and other services intended to keep households stably housed.",Emergency Rental Assistance,72.81,2021-01-26,2022-12-31,0,1,https://home.treasury.gov/system/files/136/Emergency-Rental-Assistance-Payments-to-States-and-Eligible-Units-of-Local-Government.pdf,U.S. Department of the Treasury Emergency Rental Assistance Program Payments
Illinois,CRRSAA,Emergency Rental Assistance (ERA1),U.S. Department of the Treasury,"Funds for emergency rental housing, including rent and utility assistance and case management","These funds support emergency rental housing. At least 90 percent of awarded funds must be used for direct financial assistance, including rent, rental arrears, utilities and home energy costs, utilities and home energy costs arrears, and other expenses related to housing. Remaining funds are available for housing stability services, including case management and other services intended to keep households stably housed.",Emergency Rental Assistance,566.28,2021-01-26,2022-12-31,0,1,https://home.treasury.gov/system/files/136/Emergency-Rental-Assistance-Payments-to-States-and-Eligible-Units-of-Local-Government.pdf,U.S. Department of the Treasury Emergency Rental Assistance Program Payments
Illinois,CRRSAA,Federal Transit Administration (FTA) Grants,U.S. Department of Transportation,Supplemental funds for existing Federal Transit Administration programs,These funds are supplemental appropriations to a number of existing (some lapsed) FTA programs,Transportation,21,2022-06-15,2024-09-30,0,1,https://www2.illinois.gov/sites/budget/Documents/LBOC/LBOC-Report-May-2022%20.pdf,State of Illinois Executive Office of the Governor Governor's Office of Management and Budget
Illinois,CRRSAA,Grants in Aid for Airports,Federal Aviation Administration,Funds for airports for broad Covid-19 recovery,"These funds are for capital projects directly enabling work, education, and health monitoring, including remote options, in response to the Covid-19 pandemic.",Transportation,14,2022-06-15,NA,0,1,https://www2.illinois.gov/sites/budget/Documents/LBOC/LBOC-Report-May-2022%20.pdf,State of Illinois Executive Office of the Governor Governor's Office of Management and Budget
Illinois,CRRSAA,Surface Transportation Block Grant Program (STBGP),U.S. Department of Transportation,Supplemental appropriations to existing highway infrastructure programs,These funds are supplemental appropriations to existing highway infrastructure programs,Transportation,352.91,2021-01-15,2024-12-31,0,1,https://www.fhwa.dot.gov/legsregs/directives/notices/n4510851/,U.S. Department of Transportation Apportionment of Highway Infrastructure Program Funds
Chicago,CARES,Economic Development Assistance Grant,U.S. Department of Commerce,Wide-ranging financial assistance for Covid-19 recovery,"This investment will support Chicago in establishing the Kostner Avenue veritcal clearance improvement project to enhance industrial development potential for open space in North Lawndale, one of the city's most economically distressed neighborhoods",Infrastructure,4.75,2021-11-04,NA,0,1,https://www.usaspending.gov/award/ASST_NON_067906339_1325,USASpending
Chicago,ARPA,Head Start,U.S. Department of Health and Human Services,"Head Start promotes school readiness of infants, toddlers, and pre-school-aged children from low-income families","Head Start promotes school readiness of infants, toddlers, and pre-school-aged children from low-income families",Support,51.78,2021-07-14,2026-12-31,0,1,https://www.chicago.gov/city/en/depts/mayor/press_room/press_releases/2021/july/HeadStartEarlyStartAwards.html,City of Chicago Office of Mayor Lori Lightfoot
Illinois,ARPA,Economic Adjustment Assistance,U.S. Department of Commerce,Broad funding for statewide economic development planning,"This funding supports statewide planning efforts to boost economic development, combat the climate crisis, and recover from the pandemic",Infrastructure,1,2021-10-01,2024-03-31,0,1,https://www.usaspending.gov/award/ASST_NON_ED22CHI3070001_1325,USASpending
Illinois,ARPA,"Economic Adjustment Assistance Travel, Tourism, and Outdoor Recreation Program",U.S. Department of Commerce,Funding for state tourism efforts,"This funding supports marketing, infrastructure, workforce, and other project support to rejuvenate safe leisure, business, and international travel as part of the EDA's travel, tourism, and outdoor recreation program",Infrastructure,18.43,2021-11-08,NA,0,1,https://www.usaspending.gov/award/ASST_NON_067906356_1325,USASpending
Illinois,CARES,Low Income Home Energy Assistance Program,U.S. Department of Health and Human Services,Provides home energy bill assistance,"The Low Income Home Energy Assistance Program (LIHEAP) provides assistance in managing costs associated with home energy bills, energy crises, weatherization and energy-related minor home repairs",Direct Household Assistance,42,2022-06-15,2021-09-30,1,1,https://www2.illinois.gov/sites/budget/Documents/LBOC/LBOC-Report-May-2022%20.pdf,State of Illinois Executive Office of the Governor Governor's Office of Management and Budget
